,created_at,id,lang,text,author_id
0,2022-06-29T02:08:53.000Z,1541966908391661568,en,"Day8 #100DaysOfCode #Python 

Learnt and practiced questions about object relationships (Aggregation, Composition), completed all practice questions from Object-Oriented Programming in Python module 2 from Educative. Now on to module 3 which is Data Structures and Algorithms.",1539265286427361281
1,2022-06-29T02:08:31.000Z,1541966816054251520,qht,#Linux #DeepLearning #SQL #Python #BigData #Analytics #DataScience #AI #ML #IIoT #PyTorch #Python #RStats #TensorFlow #JavaScript #ReactJS #GoLang #CloudComputing #Serverless #Programming #Coding #100DaysofCode #blockchain #tensorflow https://t.co/rRjvKrn9ZV,84823872
2,2022-06-29T02:08:12.000Z,1541966735477297155,en,"Ô£ø They‚Äôre Also Using Me @KIIARA 
#DataAnalytics #MachineLearning #BigData #DataScience #PyTorch #Python #TensorFlow #JavaScript #ReactJS #Flutter #CloudComputing #DataScientist #WomenWhoCode #Programming #Coding #Node #100DaysofCode #DEVCommunity #opensource #AI #AR #Web3 #ETH https://t.co/NSXJnmfb3k",1356359301565186049
3,2022-06-29T02:07:15.000Z,1541966496523501569,en,"Ô£ø The People Using You Use @KIIARA 
#Python #IoT #IIoT #PyTorch #JavaScript #ReactJS #WordPress #Security #DeFi #100DaysOfCode 
#trendingkiiara #buildinginpublic #fintech #insurtech #AI #finserv #marketing #TensorFlow #datavis #Infosec #DevOps #NFT #MLOps #Flutter #HTML #Azure https://t.co/YSF95R4PHy",1356359301565186049
4,2022-06-29T02:07:13.000Z,1541966488705200129,en,"Day45  #100DaysOfCode #Python

Today I used BeautifulSoup.

Recently, 
I forget what I studied at the beginningü§î

Notes are important.",1211446433309581312
5,2022-06-29T02:06:27.000Z,1541966294529953792,en,"Binary Search - LeetCode https://t.co/O3Mv6QKieZ 
#100DaysOfCode 
#python https://t.co/Tl2HP1Hu5K",1467229307260915712
6,2022-06-29T02:05:48.000Z,1541966129484161025,en,"[Free 439-page PDF download]
Tiny #Python Projects ‚Äî 21 small fun projects for Python beginners designed to build programming skill, teach new algorithms and techniques: https://t.co/gBVowUlAdv
‚Äî‚Äî‚Äî‚Äî
#Coding #BigData #DataScience #AI #MachineLearning #DataScientists #100DaysOfCode https://t.co/N48xveQe24",534563976
7,2022-06-29T02:05:42.000Z,1541966105912246272,es,"#Arte de #aprender - #Ciencia de #datos ‚ñ∂Ô∏è
 #Analytics #AI #MachineLearning
 #Python #BigData #Rstats #Reactjs #IoT #IIoT #ML #flutter #Serverless #TensorFlow #javascript #DataScience #Cloud #DataScientist #CodeNewbie
 #programming #Coding #100DaysOfCode
 https://t.co/7HRtf14MXc https://t.co/LY2QcpfSIS",342890405
8,2022-06-29T02:04:41.000Z,1541965850214793218,en,"[Download FREE 1213-page PDF eBook] ""Learning Python"" (4th Edition) at https://t.co/u9KcUcpX50
‚Äî‚Äî‚Äî‚Äî
#BigData #DataScience #AI #MachineLearning #Coding #DataScientists #100DaysOfCode #programming #SoftwareDeveloper https://t.co/HI5T1EFuFM",534563976
9,2022-06-29T02:04:37.000Z,1541965832556781568,es,"#Hoja de #trucos √∫til sobre #diferentes #tipos de #bases de #datos y sus casos de uso!
 #cloudcomputing #database #sql #MachineLearning #AI #Python #DataScience #BigData #DeepLearning #MongoDB #100DaysOfCode #Azure #robots #tech #AI #NLP #cloud #cloud #WomeninTech #cybersecurity https://t.co/fhp8Lx5mK4",342890405
10,2022-06-29T02:04:01.000Z,1541965682320936961,en,"We deliver unique work üçÜ   
 üö® DM for value-based services  
 #homework 
 #100DaysOfCode 
 #Essay help 
 #javascript
 #essaywrite 
 #Case study
 #Essay help 
 #Essaypay
 #Case study 
 #essaywrite 
 #python 
 #100DaysOfCode 
 üå∏ 
 üìç 

 https://t.co/MrEPSqHB5x",1343372118
11,2022-06-29T02:03:39.000Z,1541965588683034624,qht,#OpenSource #javascript #Hiring #Recruitment #python #codefor30days #flutter #indiedev #gaming #DevSecOps #60DaysOfDSA #lowpoly #screenshotsaturday #NFTs #NFTdrop #ETH #100DaysOfCode #Serverless #OpenSource #javascript #Hiring #Recruitment #python #codefor30days #flutter https://t.co/KoKDrp23wR,1459057388237950981
12,2022-06-29T02:03:26.000Z,1541965534622666752,qht,#cybersecurity #Security #infosec #OpenSource #Python #javascript #tech #DataSecurity #Malware #Hackers #NFTCommunity #NFTGiveaway #nftcollectors #cloud #GameDev #indiegames #CyberSecurity #TensorFlow #Serverless #blender3d #pixiv #Pixelart #Youtubers #100DaysOfCode #java https://t.co/KoKDrp23wR,1459057388237950981
13,2022-06-29T02:03:02.000Z,1541965435901358080,qme,"#OpenSource #flutter #Serverless #hr #100DaysOfCode #CodeNewbie #Developers #bugbounty #cybersecurity #Security #infosec #Python #javascript #tech #DataSecurity #codefor30days #60DaysOfDSA #TensorFlow 

#Web3 #OpenSource @BFTAWFIK 

#UCLdraw #UEFA #Messi #Bayern #THE_W #NtMv1_6 https://t.co/KoKDrp23wR",1459057388237950981
14,2022-06-29T02:02:57.000Z,1541965414229770240,qht,#Linux #DeepLearning #SQL #Python #BigData #Analytics #DataScience #AI #ML #IIoT #PyTorch #Python #RStats #TensorFlow #JavaScript #ReactJS #GoLang #CloudComputing #Serverless #Programming #Coding #100DaysofCode #blockchain #tensorflow https://t.co/fbMMQxuxKU,84823872
15,2022-06-29T02:02:44.000Z,1541965356604047360,en,"Imaginary Places: Draw, Paint, and Digitize on Photoshop
üëá
https://t.co/LKD1b6CHoX 

#creativecoding #coding #css #photoshop #Javascript #ReactJS #blender3d #python #AE #Java #100DaysOfCode #gamedev #openSource #dataScience #art #animation #cinema4d https://t.co/RkPCjmV36S",1541201301010251776
16,2022-06-29T02:00:40.000Z,1541964838687199232,en,10 type üíã https://t.co/pSLfVcPPGB  #100Daysofcode #javascript #programming #dev #linux #java #programming #CodeNewbie #python #reactjs #bugbounty #DataScience #infosec #gamedev #BigData @programmerjoke9 https://t.co/hnDvNSYPIq,1042014117291220992
17,2022-06-29T02:00:00.000Z,1541964670961065984,en,"#Hiring?
Sign up now https://t.co/o7lVlsl75X
FREE. NO MIDDLEMAN
#ArtificialIntelligence #MachineLearning #Python #DataScience #innovation #IoT #Industry40 #DigitalMarketing #CyberSecurity #coding #NodeJS #javascript #django #100DaysOfCode #Tech #programming #Job #Bitcoin #HR #AI https://t.co/rZgzntpM0P",1332714745871421443
18,2022-06-29T01:58:18.000Z,1541964243104178176,qht,"#Pride2022 #truth
#Steam
#nonbinary #laicism #FreeSpeech
#indiegames #IndieGameDev #100DaysOfCode
#science #womenintech #Tech4All #tech
#TFSM #LGBT #LGBTQ #EU #UKR #peace
#cyberpunk #cybersecurity #steampunk #Flutter
#javascript #Python #Sherlock
#GideonTheNinth #cannabisculture https://t.co/xBpR4W3f9L",176742962
19,2022-06-29T01:57:51.000Z,1541964130562650112,qht,"#Pride2022 #truth
#Steam
#nonbinary #laicism #FreeSpeech
#indiegames #IndieGameDev #100DaysOfCode
#science #womenintech #Tech4All #tech
#TFSM #LGBT #LGBTQ #EU #UKR #peace
#cyberpunk #cybersecurity #steampunk #Flutter
#javascript #Python #Sherlock
#GideonTheNinth #cannabisculture https://t.co/hSFCiYKKin",176742962
20,2022-06-29T01:57:11.000Z,1541963961964298243,es,"¬øCu√°les son los 10 #Hitos de #AI ‚ùì
@DataFlairWS 
 #ArtificialIntelligence #MachineLearning
 #DataScience #Bigdata #Analytics #Robotics #autonomous #Python #RStats #Fintech #IoT #TensorFlow #womenintech #Programming #coding  #100DaysOfCode #Business #VR #Innovation #futureofwork https://t.co/k7SsM9lU6e",342890405
21,2022-06-29T01:55:34.000Z,1541963554831695873,es,"#Habilidades para #DataScience @ingliguori
 #ArtificialIntelligence #AI #ML #MachineLearning #DataScientists #innovation #CodeNewbies #Tech #deeplearning #CyberSecurity #nocode #Python #Coding #javascript #rstats #programming #100DaysOfCode #programming #SQL #MLOps https://t.co/RCPgesTtyY",342890405
22,2022-06-29T01:54:50.000Z,1541963368612904965,en,"https://t.co/k66Ur6wdxe

Coffee Break NumPy: A Simple Road to Data Science Mastery That Fits Into Your Busy Life 
 
#dataprocessing #numpy #programming #programminglanguages #python #python3 #100daysofcode",1528856711725031425
23,2022-06-29T01:54:04.000Z,1541963176258019329,ar,"Day 7/100
practice ‚úî
ÿßŸàŸÑ ÿßÿ≥ÿ®Ÿàÿπ ŸÖŸÜ ÿ™ÿπŸÑŸÖ ÿßŸÑÿ®ÿßŸäÿ´ŸàŸÜ 
#100DaysOfCode #Python https://t.co/PLH84ZPz4T",973886127743541249
24,2022-06-29T01:52:46.000Z,1541962850499002374,es,"¬øCu√°les son los #componentes de #DataScience ‚ùì
 #futureofwork #Bigdata #Analytics #Data #AI #VR #programming #RStats #ReactJS #Robotics #Python #nodeJS #Fintech #IoT #TensorFlow #womenintech #coding #5G #Flutter #100DaysOfCode #Business #Innovation #twitme #coding #Serverless https://t.co/1kyKCbx8Q1",342890405
25,2022-06-29T01:50:19.000Z,1541962231847559180,en,"""When we allow negative messages to fester in our head, they take on a life of their own.""- Lolly Daskal #softwareengineer #javascript #python #C++ #golang #nodejs #reactjs #stockopertor #highgrowthstocks $SPX $QQQ $RUT $VIX #canslim #100DaysOfCode",1243665419501744133
26,2022-06-29T01:50:00.000Z,1541962153095299073,en,"#Hiring?
Sign up now https://t.co/o7lVlsl75X
FREE. NO MIDDLEMAN
#ArtificialIntelligence #MachineLearning #Python #DataScience #innovation #IoT #Industry40 #DigitalMarketing #CyberSecurity #coding #NodeJS #javascript #django #100DaysOfCode #Tech #programming #Job #Bitcoin #HR #AI https://t.co/dY1eeY2DzX",1332714745871421443
27,2022-06-29T01:49:48.000Z,1541962105586335744,und,"#MachineLearning #Herramientas @ingliguori
 #ArtificialIntelligence #AI #ML #DataScience #DataScientists #innovation #CodeNewbies #Tech #deeplearning #CyberSecurity #nocode #Python #Coding t16) ( #javascript #rstats ( #programming #100DaysOfCode #programming #Linux #lowcode #IoT https://t.co/HeX4EmU4cu",342890405
28,2022-06-29T01:49:34.000Z,1541962044240547842,en,"Can Artificial Intelligence Defeat Heart Disease? - CEOWORLD magazine

Read more here: https://t.co/Nh6rZtyLtR

#ArtificialIntelligence #AI #DataScience #100DaysOfCode #Python #MachineLearning #BigData #DeepLearning #NLP #Robots #IoT",467513287
29,2022-06-29T01:48:07.000Z,1541961679684214790,en,"Ô£ø #Karma funded this @KIIARA
I Even Donated My $3k #COVID19 stimulus to you #streamteamlilkiiwi 
#DataAnalytics #MachineLearning #BigData #DataScience #PyTorch #Python #TensorFlow #JavaScript #ReactJS #Flutter #DataScientist #Programming #100DaysofCode #opensource #mentalhealth https://t.co/aaJNpr8N01",1356359301565186049
30,2022-06-29T01:45:53.000Z,1541961118498918401,en,"DM for Hacking Services #ArtificialIntelligence
#BigData #Analytics #DataScience #AI #IoT #IIoT #PyTorch #Python #TensorFlow #Java #JavaScript #CloudComputing #DevCommunity #DataScientist #Programming #DigitalTransformation #Cloud #MachineLearning #100DaysOfCode",2601293587
31,2022-06-29T01:45:16.000Z,1541960963544457219,en,"Pay us to do or write your 
#Assignments 
#calculus 
#homework
#Homeworkhelp 
#summerclasses 
#Onlineclass 
#essayhelp 
#Essaydue 
#essaywrite 
#Essays
#Music
#Art
#Law 
#Javascript
#Python
#Programming
#CodeNewbies 
#100daysofcode
#webdevelopment 
#Datascience
Dm us now for help",1295645906457571329
32,2022-06-29T01:44:39.000Z,1541960806018990080,en,"Follow @Victools1

Cool Applications Of #ArtificialIntelligence
#BigData #Analytics #DataScience #AI #IoT #IIoT #PyTorch #Python #TensorFlow #Java #JavaScript #CloudComputing #DevCommunity #DataScientist #Programming #DigitalTransformation #Cloud #MachineLearning #100DaysOfCode",2601293587
33,2022-06-29T01:41:42.000Z,1541960063442640897,en,"#online class
#assignments
#economics 
#essay pay
#essay due
#javascript
#chicagoessays
@freelancer_63

#Maths  
#dissertation 
#Biology
#business 
#Project .
#proposals
#Python 
#research 
#Algebra
#ZeroPlagiarism
#Sociology
#100daysofcodechallenge 
#100DaysOfCode
#UK #UAE https://t.co/AUaDalSVBp",1428676583993352200
34,2022-06-29T01:40:29.000Z,1541959760588808192,en,"""If you run you stand a chance of losing, but if you don't run you've already lost.""- Barack Obama #softwareengineer #javascript #python #C++ #golang #nodejs #reactjs #stockopertor #highgrowthstocks $SPX $QQQ $RUT $VIX #canslim #100DaysOfCode",1243665419501744133
35,2022-06-29T01:40:00.000Z,1541959636521304064,en,"#Hiring?
Sign up now https://t.co/o7lVlsl75X
FREE. NO MIDDLEMAN
#ArtificialIntelligence #MachineLearning #Python #DataScience #innovation #IoT #Industry40 #DigitalMarketing #CyberSecurity #coding #NodeJS #javascript #django #100DaysOfCode #Tech #programming #Job #Bitcoin #HR #AI https://t.co/mWSs5lSYJl",1332714745871421443
36,2022-06-29T01:38:03.000Z,1541959147293495297,en,"Ô£ø I‚Äôm Streaming 2 Different Songs And Listening To A Third @KIIARA Simultaneously, Nobody Else Is!
#DataAnalytics #MachineLearning #BigData #DataScience #PyTorch #Python #TensorFlow #JavaScript #ReactJS #Flutter #DataScientist #Programming #100DaysofCode #DEVCommunity #hiphop https://t.co/aaJNpr8N01",1356359301565186049
37,2022-06-29T01:36:00.000Z,1541958632719482880,en,"We studied python math and dates today. Now we are working on snake game to have fun. 

#100daysofCode #day8",1263041659
38,2022-06-29T01:35:50.000Z,1541958590134714368,en,"Day 36, professional switch to pycharm makes writing ever so seamless 

#100DaysOfCode #100daysofcodechallenge #Python #BackedMe",1446520163529076736
39,2022-06-29T01:35:43.000Z,1541958561118539776,en,"Animation and Design of Characters in After Effects
üëá
https://t.co/vKjWlFHuFS 

#creativecoding #coding #css #aftereffects #Javascript #aftereffects  #blender3d #python #AE #Java #100DaysOfCode #gamedev #openSource #dataScience #art #animation #cinema4d https://t.co/XiG0GUPQlm",1541201301010251776
40,2022-06-29T01:35:33.000Z,1541958515924819968,en,"Great list of f-string examples!
Python F-String: 73 Examples to Help You Master It
{ by @miguendes } from @hashnode

#python #tutorial #beginners #100daysofcode https://t.co/p2cJ4mbsG1",330860932
41,2022-06-29T01:35:03.000Z,1541958393782575104,en,"Capstone Project: Reinforcement Learning from Scratch with Python
- Step 1: What is Reinforcement Learning?
- Step 2: The problem we want to solve
- Step 3: Implementing the field
- Step 4: A Naive approach to solve i...
- (more)
https://t.co/qCbBsbgjs5
#100DaysOfCode",1263177420934459396
42,2022-06-29T01:32:44.000Z,1541957808307875841,en,"@CultureCrave @MensHealthMag especially #MiddleEasternReligions

of which #Christianity is oneüòê

#Pride2022 #truth
#Steam
#nonbinary #laicism
#indiegames #IndieGameDev #100DaysOfCode
#science #womenintech #AI
#TFSM #LGBT #LGBTQ #EU #UKR
#Flutter
#javascript #Python #Sherlock
#GideonTheNinth #cannabisculture",176742962
43,2022-06-29T01:32:07.000Z,1541957655459151872,en,"https://t.co/9D9ospUOiT 

#pythonprogramming #100daysofcode #coding #python #programminglanguages #python3 #programming
Python 3 Standard Library by Example, The",1528856711725031425
44,2022-06-29T01:31:15.000Z,1541957433639067649,qht,"#Pride2022 #truth
#Steam
#nonbinary #laicism #FreeSpeech
#indiegames #IndieGameDev #100DaysOfCode
#science #womenintech #Tech4All #tech
#TFSM #LGBT #LGBTQ #EU #UKR #peace
#cyberpunk #cybersecurity #steampunk #Flutter
#javascript #Python #Sherlock
#GideonTheNinth #cannabisculture https://t.co/HGeS7WpFqJ",176742962
45,2022-06-29T01:31:09.000Z,1541957409387732995,en,"üíô for Mac or üîÑWindows

 #FullStackDeveloper
 #MachineLearning #DataScience #SQL #Cybersecurity #BigData #Analytics #AI #IIoT #Python #RStats #TensorFlow #JavaScript #ReactJS #CloudComputing #Serverless #AI #Linux #Programming #Coding #100DaysofCode #NodeJS #golang #NLP #digiott",1508704743107014663
46,2022-06-29T01:30:25.000Z,1541957227543613441,und,"#ReligiousKnuckleHeadüòê

#Pride2022 #truth
#Steam
#nonbinary #laicism
#indiegames #IndieGameDev #100DaysOfCode
#science #womenintech #Tech4All
#TFSM #LGBT #LGBTQ #EU #UKR
#cyberpunk #cybersecurity #steampunk #Flutter
#javascript #Python #Sherlock
#GideonTheNinth #cannabisculture https://t.co/iSBLTC8iyb",176742962
47,2022-06-29T01:30:14.000Z,1541957179401555968,en,"How #NFTs in the #Metaverse can improve the value of physical assets in the real world

https://t.co/496texmbM5

#Technology #NFTCommunity #VirtualWorld #TechForGood
#Fintech #Finserv #Cloud #Innovation #DataScience #Flutter
#100DaysOfCode #Python #Marketing #Programming #IoT",243568454
48,2022-06-29T01:30:00.000Z,1541957120379105281,en,"#Hiring?
Sign up now https://t.co/o7lVlsCHXv
FREE. NO MIDDLEMAN
#ArtificialIntelligence #MachineLearning #Python #DataScience #innovation #IoT #Industry40 #DigitalMarketing #CyberSecurity #coding #NodeJS #javascript #django #100DaysOfCode #Tech #programming #Job #Bitcoin #HR #AI https://t.co/PbOz7hfWsP",1332714745871421443
49,2022-06-29T01:29:47.000Z,1541957068298588160,en,"Ô£ø When They Catch Up ‚è±
#Python #IoT #IIoT #PyTorch #Ad #JavaScript #ReactJS #WordPress #Security #DeFi #100DaysOfCode 
#trendingkiiara #buildinginpublic
@KIIARA #fintech #insurtech #AI #finserv #marketing #TensorFlow #datavis #Infosec #DevOps #ETH 
#MLOps #Flutter #HTML #Azure https://t.co/aaJNpr8N01",1356359301565186049
50,2022-06-29T01:29:38.000Z,1541957028817428480,en,"@Ackermedic @chron Thoughts and Prayersüòê

soon they'll do away with #Chemo 

#Pride2022 #truth
#Steam
#nonbinary #laicism
#indiegames #IndieGameDev #100DaysOfCode
#science #womenintech #Tech4All #AI
#TFSM #LGBT #LGBTQ #EU #UKR
#Flutter
#javascript #Python #Sherlock
#GideonTheNinth #cannabisculture",176742962
51,2022-06-29T01:29:34.000Z,1541957010161389568,en,"Make Your Own Neural Network 
 
#100daysofcode #pythonprogramming #coding #neuralnetworks #python #python3 #programming 
 
https://t.co/aVnA8aAXMa",1528856711725031425
52,2022-06-29T01:28:53.000Z,1541956839499337728,en,"#Excellency is our top focus 
 #Essayshelp
#Homework
#Exams
#Assignments 
#Serverless
#Calculus
#Onlineclass
#javascript
#psychology
#dissertation
#Javascript
#Python
#programming
#Biology
#litreture
#CodeNewbies 
#100DaysOfCode
#Geography 
#WomenWhoCode 
#Dm us
@Academic_tutor5 https://t.co/J5w29sszTe",1226010600104431617
53,2022-06-29T01:28:29.000Z,1541956738190016513,en,"We are available to help you complete your essays and assignments
#Engineering
#Nursing
#python
#Onlineclass
#ESSAYS
#100DaysOfCode
#Econometrics
#Math
#essaywrite
Casestudy
#javascript
Homework
#Philosophy
#WomenWhoCode 
#Assignmentdue
Dm 
@Academic_tutor5 https://t.co/YXlzSY3y9m",1226010600104431617
54,2022-06-29T01:25:50.000Z,1541956070863785991,en,"Ô£ø Look What We Did üìä
#Python #IoT #IIoT #PyTorch #Ad #JavaScript #ReactJS #WordPress #Security #DeFi #100DaysOfCode 
#trendingkiiara #buildinginpublic
@KIIARA #fintech #insurtech #AI #finserv #marketing #TensorFlow #datavis #Infosec #DevOps #NFTs 
#MLOps #Flutter #HTML #Azure https://t.co/ZFKdToFKuW",1357090168625332224
55,2022-06-29T01:25:00.000Z,1541955861597257728,en,How do you know how many clusters to create in a K-means cluster.  Here is an explanation using R https://t.co/GXWv9a8do9 #Rstats #DataScience #DataAnalytics #DataVisualization #dataviz #100DaysOfCode #machinelearning #Python https://t.co/SQyGzFat2g,2959515489
56,2022-06-29T01:24:22.000Z,1541955704860409856,en,"Ô£ø Don‚Äôt Wait On Them #ETH 
#Python #Roblox #IoT #IIoT #Azure #PyTorch #Cython #RStats #DotNet #CPP #Java #BTSV #ADA #CSharp #Flutter #SQL #TensorFlow #Web3 #JavaScript #ReactJS #Serverless #Linux #Security #NFT @KIIARA 
#AI #CSS #WordPress #HTML #Ad #DevOps #100DaysOfCode #DeFi https://t.co/GEX61uUF5g",1430636979830628359
57,2022-06-29T01:23:43.000Z,1541955539311247366,en,"Naturally Organic Plant Base Unisex Hair Care Line 30% Off https://t.co/YNXsq7SyAE
#wordpress #BlackOwnedBusiness #Figma #Python #100DaysOfCode #allnatural #MachineLearning #alopecia #haircare #curlyhair #fyp #BlackOwned #beardoil #ElonMusk  #cryptocurrency #NowYoureInBusiness https://t.co/YbHKJJvjcD",4777855839
58,2022-06-29T01:21:21.000Z,1541954945049583616,en,"We are legit to offer you A grade in your
‚úìAccounting
‚úìessays
‚úìchemistry
‚úìfinance
‚úìphysics
‚úìbiology.
‚úìphysics.
‚úìchemistry.
‚úìalgebra
‚úìcalculus
‚úìessay pay.
Assignment due .
#100DaysOfCode
#javascript
#Python
#Serverless
#Asu #IoT
@LegitWriters1",1185559720339394561
59,2022-06-29T01:20:54.000Z,1541954830914228225,en,"We are legit to offer you A grade in your
‚úìAccounting
‚úìessays
‚úìchemistry
‚úìfinance
‚úìphysics
‚úìbiology.
‚úìphysics.
‚úìchemistry.
‚úìalgebra
‚úìcalculus
‚úìessay pay.
Assignment due .
#100DaysOfCode
#javascript
#Python
#Serverless
#Asu #IoT
@OnPointWriters2",1393293439706583043
60,2022-06-29T01:20:00.000Z,1541954603264221185,en,"#Hiring?
Sign up now https://t.co/o7lVlsl75X
FREE. NO MIDDLEMAN
#ArtificialIntelligence #MachineLearning #Python #DataScience #innovation #IoT #Industry40 #DigitalMarketing #CyberSecurity #coding #NodeJS #javascript #django #100DaysOfCode #Tech #programming #Job #Bitcoin #HR #AI https://t.co/yM9C55l1JC",1332714745871421443
61,2022-06-29T01:18:54.000Z,1541954327941730305,en,"We are legit to offer you A grade in your
‚úìnursing
‚úìessays
‚úìchemistry
‚úìfinance
‚úìphysics
‚úìbiology.
‚úìphysics.
‚úìchemistry.
‚úìalgebra
‚úìcalculus
‚úìessay pay.
Assignment due .
#100DaysOfCode
#WomenWhoCode.
#javascript
#Python
#Serverless
#Asu #IoT",1393293439706583043
62,2022-06-29T01:16:50.000Z,1541953806304481280,en,"Ô£ø Get It Done On Time @KIIARA 
#DataAnalytics #MachineLearning #BigData #DataScience #PyTorch #Python #TensorFlow #JavaScript #ReactJS #Flutter #CloudComputing #DataScientist #WomenWhoCode #Programming #Coding #ElonMusk #100DaysofCode #opensource #AI #AR #StrangerThings4 #‡§â‡§¶‡§Ø‡§™‡•Å‡§∞ https://t.co/ZFKdToFKuW",1357090168625332224
63,2022-06-29T01:15:43.000Z,1541953526242459650,en,"Ô£ø Have You Ever Seen Dedication 
#DataAnalytics #MachineLearning #BigData #DataScience #PyTorch #Python #TensorFlow #JavaScript #ReactJS #Flutter #CloudComputing #DataScientist #WomenWhoCode #Programming #Coding @KIIARA #100DaysofCode #DEVCommunity #opensource #AI #checkyourpoo https://t.co/ZFKdToFKuW",1357090168625332224
64,2022-06-29T01:15:14.000Z,1541953403508645889,en,"#FEATURED #COURSES
Complete #Python #Developer in 2022: Zero to Mastery
How to become a #Python3 Developer and get hired
Build 12+ projects
learn #Web #Development
#Machine #Learning + more
https://t.co/vRkg9EK8Sw
#CodeNewbies #100DaysOfCode #webdevelopment #WomenWhoCode #online https://t.co/SxwYcB2XpA",134434122
65,2022-06-29T01:14:12.000Z,1541953145990893568,en,Check out this item on OpenSea https://t.co/ldyvk2XnJg via @opensea #MMCrypto #NFTs #NFTdrop #ETH #100DaysOfCode #Serverless #OpenSource #javascript #Hiring #Recruitment #python #codefor30days #flutter #60DaysOfDSA #TensorFlow #hr #CyberSecurity #blockchain #web3 #Metaverse #ETH https://t.co/8JlJFPk44U,1459057388237950981
66,2022-06-29T01:13:27.000Z,1541952957159194625,en,"Raspberry Pi Image Processing Programming: Develop Real-Life Examples with Python, Pillow, and SciPy 

#100daysofcode #programminglanguages #pythonprogramming #intelligence #programming #scipy
https://t.co/zepWL8vM2J",1528856711725031425
67,2022-06-29T01:13:01.000Z,1541952848728145927,en,"HEY DEV, TAKE THIS SURVEY &amp; WIN $1000
https://t.co/RLKrSgjmK0

#MachineLearning #DataScience #SQL #Cybersecurity #BigData #Python #RStats #TensorFlow #JavaScript #ReactJS #DataScientist #Linux #Programming #Coding #100DaysofCode #NodeJS #golang #NLP #GitHub #Nairaland #devops https://t.co/osM7HrXZgW",822467311361818625
68,2022-06-29T01:12:29.000Z,1541952711608135680,en,"HEY DEV, TAKE THIS SURVEY &amp; WIN $1000
https://t.co/RLKrSgjUzy

#MachineLearning #DataScience #SQL #Cybersecurity #BigData #Python #RStats #TensorFlow #JavaScript #ReactJS #DataScientist #Linux #Programming #Coding #100DaysofCode #NodeJS #golang #NLP #GitHub #Nairaland #devops https://t.co/9behO64wP9",822467311361818625
69,2022-06-29T01:11:48.000Z,1541952542283907072,en,"HEY DEV, TAKE THIS SURVEY &amp; WIN $1000
https://t.co/RLKrSgjmK0

#MachineLearning #DataScience #SQL #Cybersecurity #BigData #Python #RStats #TensorFlow #JavaScript #ReactJS #DataScientist #Linux #Programming #Coding #100DaysofCode #NodeJS #golang #NLP #GitHub #Nairaland #devops https://t.co/SfH102EzJb",822467311361818625
70,2022-06-29T01:11:34.000Z,1541952481386790912,en,"HEY DEV, TAKE THIS SURVEY &amp; WIN $1000
https://t.co/RLKrSgjmK0

#MachineLearning #DataScience #SQL #Cybersecurity #BigData #Python #RStats #TensorFlow #JavaScript #ReactJS #DataScientist #Linux #Programming #Coding #100DaysofCode #NodeJS #golang #NLP #GitHub #Nairaland #devops https://t.co/GjgiQak3BH",822467311361818625
71,2022-06-29T01:11:01.000Z,1541952343738093568,en,"HEY DEV, TAKE THIS SURVEY &amp; WIN $1000
https://t.co/RLKrSgjmK0

#MachineLearning #DataScience #SQL #Cybersecurity #BigData #Python #RStats #TensorFlow #JavaScript #ReactJS #DataScientist #Linux #Programming #Coding #100DaysofCode #NodeJS #golang #NLP #GitHub #Nairaland #devops https://t.co/2YZHBv8tX8",822467311361818625
72,2022-06-29T01:10:51.000Z,1541952300251594760,en,"Follow. @Victools1 Protect Your Privacy &amp; Your Money from Phishing Scamüêüüõ°Ô∏è
Message me!!!!
#cybersecurity #infosec #100DaysOfCode #NLP #womenintech #javascript #Python #nodejs #fintech #Pune #Flutter #SocEnt #twitchde #indiedev @BlazedRTs #Streamcaster #twitch #cro #AI #Phishing",2601293587
73,2022-06-29T01:10:33.000Z,1541952227404832770,en,"HEY DEV, TAKE THIS SURVEY &amp; WIN $1000
https://t.co/RLKrSgjmK0

#MachineLearning #DataScience #SQL #Cybersecurity #BigData #Python #RStats #TensorFlow #JavaScript #ReactJS #DataScientist #Linux #Programming #Coding #100DaysofCode #NodeJS #golang #NLP #GitHub #Nairaland #devops https://t.co/Tdt8sZE1WM",822467311361818625
74,2022-06-29T01:10:15.000Z,1541952150716272640,en,"HEY DEV, TAKE THIS SURVEY &amp; WIN $1000
https://t.co/RLKrSgjmK0

#MachineLearning #DataScience #SQL #Cybersecurity #BigData #Python #RStats #TensorFlow #JavaScript #ReactJS #DataScientist #Linux #Programming #Coding #100DaysofCode #NodeJS #golang #NLP #GitHub #Nairaland #devops https://t.co/0mFTNiknhX",822467311361818625
75,2022-06-29T01:10:13.000Z,1541952140356341762,en,"""Your problem isn't the problem. Your reaction is the problem.""- Unknown #softwareengineer #javascript #python #C++ #golang #nodejs #reactjs #stockopertor #highgrowthstocks $SPX $QQQ $RUT $VIX #canslim #100DaysOfCode",1243665419501744133
76,2022-06-29T01:10:00.000Z,1541952086702583809,en,"#Hiring?
Sign up now https://t.co/o7lVlsCHXv
FREE. NO MIDDLEMAN
#ArtificialIntelligence #MachineLearning #Python #DataScience #innovation #IoT #Industry40 #DigitalMarketing #CyberSecurity #coding #NodeJS #javascript #django #100DaysOfCode #Tech #programming #Job #Bitcoin #HR #AI https://t.co/9SJTlArrSc",1332714745871421443
77,2022-06-29T01:09:57.000Z,1541952077072683009,en,"HEY DEV, TAKE THIS SURVEY &amp; WIN $1000
https://t.co/RLKrSgjmK0

#MachineLearning #DataScience #SQL #Cybersecurity #BigData #Python #RStats #TensorFlow #JavaScript #ReactJS #DataScientist #Linux #Programming #Coding #100DaysofCode #NodeJS #golang #NLP #GitHub #Nairaland #devops https://t.co/75cJwGqO0f",822467311361818625
78,2022-06-29T01:09:37.000Z,1541951990258868226,en,"HEY DEV, TAKE THIS SURVEY &amp; WIN $1000
https://t.co/RLKrSgjmK0

#MachineLearning #DataScience #SQL #Cybersecurity #BigData #Python #RStats #TensorFlow #JavaScript #ReactJS #DataScientist #Linux #Programming #Coding #100DaysofCode #NodeJS #golang #NLP #GitHub #Nairaland #devops https://t.co/SifWmLFYLl",822467311361818625
79,2022-06-29T01:08:41.000Z,1541951756929830914,en,"https://t.co/QsEX2dXc7S 
 
#python3 #design #programming #programminglanguages #statistical #100daysofcode #python
Mastering SciPy",1528856711725031425
80,2022-06-29T01:08:36.000Z,1541951736650293249,en,"HEY DEV, TAKE THIS SURVEY &amp; WIN A MACBOOK
https://t.co/RLKrSgjmK0

#MachineLearning #DataScience #SQL #Cybersecurity #BigData #Python #RStats #TensorFlow #JavaScript #ReactJS #DataScientist #Linux #Programming #Coding #100DaysofCode #NodeJS #golang #NLP #GitHub #Nairaland #devops https://t.co/LwstByLLSK",822467311361818625
81,2022-06-29T01:08:14.000Z,1541951643087937537,en,"HEY DEV, TAKE THIS SURVEY &amp; WIN A MACBOOK
https://t.co/RLKrSgjmK0

#MachineLearning #DataScience #SQL #Cybersecurity #BigData #Python #RStats #TensorFlow #JavaScript #ReactJS #DataScientist #Linux #Programming #Coding #100DaysofCode #NodeJS #golang #NLP #GitHub #Nairaland #devops https://t.co/NcrgWwJK2L",822467311361818625
82,2022-06-29T01:07:54.000Z,1541951558484631553,en,"HEY DEV, TAKE THIS SURVEY &amp; WIN A MACBOOK
https://t.co/RLKrSgjmK0

#MachineLearning #DataScience #SQL #Cybersecurity #BigData #Python #RStats #TensorFlow #JavaScript #ReactJS #DataScientist #Linux #Programming #Coding #100DaysofCode #NodeJS #golang #NLP #GitHub #Nairaland #devops https://t.co/KzElI7s7YF",822467311361818625
83,2022-06-29T01:07:01.000Z,1541951337449103361,en,"HEY DEV, TAKE THIS SURVEY &amp; WIN A MACBOOK
https://t.co/RLKrSgjmK0

#MachineLearning #DataScience #SQL #Cybersecurity #BigData #Python #RStats #TensorFlow #JavaScript #ReactJS #DataScientist #Linux #Programming #Coding #100DaysofCode #NodeJS #golang #NLP #GitHub #Nairaland #devops https://t.co/Sy2DflxtY7",822467311361818625
84,2022-06-29T01:06:37.000Z,1541951234403434496,en,"HEY DEV, TAKE THIS SURVEY &amp; WIN A MACBOOK
https://t.co/RLKrSgjmK0

#MachineLearning #DataScience #SQL #Cybersecurity #BigData #Python #RStats #TensorFlow #JavaScript #ReactJS #DataScientist #Linux #Programming #Coding #100DaysofCode #NodeJS #golang #NLP #GitHub #Nairaland #devops https://t.co/xj5TjRbBE6",822467311361818625
85,2022-06-29T01:06:17.000Z,1541951154019569666,en,"HEY DEV, TAKE THIS SURVEY &amp; WIN A MACBOOK
https://t.co/RLKrSgjmK0

#MachineLearning #DataScience #SQL #Cybersecurity #BigData #Python #RStats #TensorFlow #JavaScript #ReactJS #DataScientist #Linux #Programming #Coding #100DaysofCode #NodeJS #golang #NLP #GitHub #Nairaland #devops https://t.co/JNDgDoIilh",822467311361818625
86,2022-06-29T01:05:57.000Z,1541951066694369285,en,"D skin care cosmetics logo design

Need a logo design for #skincare #cosmetics #beauty #women #business

@SGH_RTs @BlazedRTs #MachineLearning #DEVCommunity #DataScience #Python #100DaysOfCode #100DaysOfMLCode #Fluttershy #javascript #womenwhocode #logo #logodesign #logodesigner https://t.co/IElLsT9frL",387698292
87,2022-06-29T01:05:54.000Z,1541951056711663616,en,"HEY DEV, TAKE THIS SURVEY &amp; WIN A MACBOOK
https://t.co/RLKrSgjmK0

#MachineLearning #DataScience #SQL #Cybersecurity #BigData #Python #RStats #TensorFlow #JavaScript #ReactJS #DataScientist #Linux #Programming #Coding #100DaysofCode #NodeJS #golang #NLP #GitHub #Nairaland #devops https://t.co/22Po2tJpsz",822467311361818625
88,2022-06-29T01:05:22.000Z,1541950923542609925,en,"HEY DEV, TAKE THIS SURVEY &amp; WIN A MACBOOK
https://t.co/RLKrSgjmK0

#MachineLearning #DataScience #SQL #Cybersecurity #BigData #Python #RStats #TensorFlow #JavaScript #ReactJS #DataScientist #Linux #Programming #Coding #100DaysofCode #NodeJS #golang #NLP #GitHub #Nairaland #devops https://t.co/fpkevgxkLC",822467311361818625
89,2022-06-29T01:05:03.000Z,1541950841464184833,en,"HEY DEV, TAKE THIS SURVEY &amp; WIN A MACBOOK
https://t.co/RLKrSgjmK0

#MachineLearning #DataScience #SQL #Cybersecurity #BigData #Python #RStats #TensorFlow #JavaScript #ReactJS #DataScientist #Linux #Programming #Coding #100DaysofCode #NodeJS #golang #NLP #GitHub #Nairaland #devops https://t.co/tASbUbsFrK",822467311361818625
90,2022-06-29T01:04:51.000Z,1541950790939590656,en,"A complete overview on #python lists!
Let me know in the comments what do you think about it!
https://t.co/DJjygrHFH0

#development #developers #programming #programmers #Python3 #learning #LearningAndDevelopment #blog #Blogs #tutorial #100DaysOfCode #100daysofcodechallenge",1529052664251678721
91,2022-06-29T01:04:38.000Z,1541950735356776448,en,"HEY DEV, TAKE THIS SURVEY &amp; WIN A MACBOOK
https://t.co/RLKrSgjmK0

#MachineLearning #DataScience #SQL #Cybersecurity #BigData #Python #RStats #TensorFlow #JavaScript #ReactJS #DataScientist #Linux #Programming #Coding #100DaysofCode #NodeJS #golang #NLP #GitHub #Nairaland #devops https://t.co/SehF7QQntw",822467311361818625
92,2022-06-29T01:04:19.000Z,1541950659276177409,en,"HEY DEV, TAKE THIS SURVEY &amp; WIN A MACBOOK
https://t.co/RLKrSgjmK0

#MachineLearning #DataScience #SQL #Cybersecurity #BigData #Python #RStats #TensorFlow #JavaScript #ReactJS #DataScientist #Linux #Programming #Coding #100DaysofCode #NodeJS #golang #NLP #GitHub #Nairaland #devops https://t.co/6dXMVJXiva",822467311361818625
93,2022-06-29T01:04:07.000Z,1541950608034471937,en,"Day 7‚É£2‚É£: #100DaysOfCode 
Day 2‚É£8‚É£ : #66DaysOfData

Today I finished the video tutorials and started with the projects ü§©
@freeCodeCamp 

#Python #DataScience https://t.co/4t4k3NTjSf",741220945
94,2022-06-29T01:03:42.000Z,1541950504024023040,en,"#python3 #machinetheory #programming #pythonprogramming #100daysofcode #coding #neuralnetworks 
 
https://t.co/vJ0pkiHo6o 
 
Mastering Reinforcement Learning with Python: Build next-generation, self-learning models using reinforcement learning techniques and best ‚Ä¶",1528856711725031425
95,2022-06-29T01:03:15.000Z,1541950390987538432,en,"Snapchat hacking services can be done at LISA HUB #womenintech  #snapchat #sellingcontent #selling #buyingcontent
#nsfwtwt #Hacking #Python #100DaysOfCode #CodeNewbies
#WomenWhoCode #DEVCommunity #DevOps
#code #Coding #DataAnalytics #DataScience",1207315480161193984
96,2022-06-29T01:01:41.000Z,1541949996970409985,en,"Follow
Structure of URL #MachineLearning #DataScience #SQL #Cybersecurity #BigData #Analytics #AI #IIoT #Python #RStats #TensorFlow #JavaScript #ReactJS #CloudComputing #Serverless #DataScientist #Linux #Programming #Coding #100DaysofCode #NodeJS #golang #NLP #GitHub #IoT #MLOps",2601293587
97,2022-06-29T01:01:38.000Z,1541949984345493504,en,@MMCrypto Check out my new item on OpenSea! https://t.co/uMI2iP0tTz via @opensea #NFTs #NFTdrop #ETH #flutter #Serverless #hr #100DaysOfCode #CodeNewbie #Developers #bugbounty #CyberAttack #cybersecurity #Security #infosec #OpenSource #Python #javascript #tech #DataSecurity  #NFTCommunity https://t.co/7mT9MMJwpH,1459057388237950981
98,2022-06-29T01:01:08.000Z,1541949856125550592,en,"@MMCrypto 

Check out my new item on OpenSea! https://t.co/uMI2iP0tTz via @opensea #NFTs #NFTdrop #ETH #flutter #Serverless #hr #100DaysOfCode #CodeNewbie #Developers #bugbounty #CyberAttack #cybersecurity #Security #infosec #OpenSource #Python #javascript #tech #DataSecurity https://t.co/bNjOUOohJT",1459057388237950981
99,2022-06-29T01:00:21.000Z,1541949660683722755,en,"Would You Take Your Salary in #Cryptocurrency? Some Did and Lost Big  üò¨

https://t.co/QNKz9tHVUJ

@mclynd @DeepLearn007 @pierrepinna @DalithSteiger @BarbaraLampl @grattonboy

#AIEthics #Python #DeepLearning #Finserv #CryptoCrash
#100DaysOfCode #Fintech #Insurtech #Cryptocurrency",243568454
